{
  "hash": "d1b6467a",
  "configHash": "2fc7d71a",
  "lockfileHash": "b065b71d",
  "browserHash": "d919d463",
  "optimized": {
    "@angular/common": {
      "src": "../../../../../../node_modules/@angular/common/fesm2022/common.mjs",
      "file": "@angular_common.js",
      "fileHash": "27a30a4d",
      "needsInterop": false
    },
    "@angular/common/http": {
      "src": "../../../../../../node_modules/@angular/common/fesm2022/http.mjs",
      "file": "@angular_common_http.js",
      "fileHash": "7155c7f3",
      "needsInterop": false
    },
    "@angular/core": {
      "src": "../../../../../../node_modules/@angular/core/fesm2022/core.mjs",
      "file": "@angular_core.js",
      "fileHash": "ad7b1b37",
      "needsInterop": false
    },
    "@angular/forms": {
      "src": "../../../../../../node_modules/@angular/forms/fesm2022/forms.mjs",
      "file": "@angular_forms.js",
      "fileHash": "e76752f0",
      "needsInterop": false
    },
    "@angular/platform-browser": {
      "src": "../../../../../../node_modules/@angular/platform-browser/fesm2022/platform-browser.mjs",
      "file": "@angular_platform-browser.js",
      "fileHash": "6fe97304",
      "needsInterop": false
    },
    "@angular/router": {
      "src": "../../../../../../node_modules/@angular/router/fesm2022/router.mjs",
      "file": "@angular_router.js",
      "fileHash": "73da4b12",
      "needsInterop": false
    },
    "@capacitor/camera": {
      "src": "../../../../../../node_modules/@capacitor/camera/dist/esm/index.js",
      "file": "@capacitor_camera.js",
      "fileHash": "43c83112",
      "needsInterop": false
    },
    "@capacitor/geolocation": {
      "src": "../../../../../../node_modules/@capacitor/geolocation/dist/esm/index.js",
      "file": "@capacitor_geolocation.js",
      "fileHash": "66301d7d",
      "needsInterop": false
    },
    "@ionic/angular/standalone": {
      "src": "../../../../../../node_modules/@ionic/angular/fesm2022/ionic-angular-standalone.mjs",
      "file": "@ionic_angular_standalone.js",
      "fileHash": "85b828bf",
      "needsInterop": false
    },
    "ionicons": {
      "src": "../../../../../../node_modules/ionicons/dist/index.js",
      "file": "ionicons.js",
      "fileHash": "aeb6c39f",
      "needsInterop": false
    },
    "ionicons/icons": {
      "src": "../../../../../../node_modules/ionicons/icons/index.mjs",
      "file": "ionicons_icons.js",
      "fileHash": "cb2a0de2",
      "needsInterop": false
    },
    "zone.js": {
      "src": "../../../../../../node_modules/zone.js/fesm2015/zone.js",
      "file": "zone__js.js",
      "fileHash": "7f59b9e1",
      "needsInterop": true
    }
  },
  "chunks": {
    "hardware-back-button-ONRIE2X4": {
      "file": "hardware-back-button-ONRIE2X4.js"
    },
    "swipe-back-TL5XF5LG": {
      "file": "swipe-back-TL5XF5LG.js"
    },
    "keyboard-DJSYFZAF": {
      "file": "keyboard-DJSYFZAF.js"
    },
    "index7-D6UT5TLT": {
      "file": "index7-D6UT5TLT.js"
    },
    "status-tap-GMHL4MGD": {
      "file": "status-tap-GMHL4MGD.js"
    },
    "input-shims-F7DHXN4G": {
      "file": "input-shims-F7DHXN4G.js"
    },
    "focus-visible-XBL42XGV": {
      "file": "focus-visible-XBL42XGV.js"
    },
    "chunk-EODYS5EQ": {
      "file": "chunk-EODYS5EQ.js"
    },
    "chunk-IUXA2G6D": {
      "file": "chunk-IUXA2G6D.js"
    },
    "chunk-G5UZVNUA": {
      "file": "chunk-G5UZVNUA.js"
    },
    "chunk-IKS2SDKY": {
      "file": "chunk-IKS2SDKY.js"
    },
    "chunk-D6MKN2U2": {
      "file": "chunk-D6MKN2U2.js"
    },
    "chunk-L6ISKHKK": {
      "file": "chunk-L6ISKHKK.js"
    },
    "web-NCZ7B75I": {
      "file": "web-NCZ7B75I.js"
    },
    "ios.transition-NBXME56G": {
      "file": "ios__transition-NBXME56G.js"
    },
    "chunk-QHIOZCW6": {
      "file": "chunk-QHIOZCW6.js"
    },
    "md.transition-BFUTZT4I": {
      "file": "md__transition-BFUTZT4I.js"
    },
    "chunk-EX3G3QHR": {
      "file": "chunk-EX3G3QHR.js"
    },
    "chunk-TSOIHRI5": {
      "file": "chunk-TSOIHRI5.js"
    },
    "chunk-PMTKRSGE": {
      "file": "chunk-PMTKRSGE.js"
    },
    "chunk-QEE7QVES": {
      "file": "chunk-QEE7QVES.js"
    },
    "chunk-4554YRK6": {
      "file": "chunk-4554YRK6.js"
    },
    "chunk-2H3NLAAY": {
      "file": "chunk-2H3NLAAY.js"
    },
    "index3-WDJJIG5O": {
      "file": "index3-WDJJIG5O.js"
    },
    "chunk-6U2AQA2C": {
      "file": "chunk-6U2AQA2C.js"
    },
    "chunk-7L6GHZ6S": {
      "file": "chunk-7L6GHZ6S.js"
    },
    "chunk-HAGEDCAJ": {
      "file": "chunk-HAGEDCAJ.js"
    },
    "chunk-DI2HUFKD": {
      "file": "chunk-DI2HUFKD.js"
    },
    "chunk-M7VFK2NC": {
      "file": "chunk-M7VFK2NC.js"
    },
    "chunk-CPHESOML": {
      "file": "chunk-CPHESOML.js"
    },
    "chunk-JCH5OV75": {
      "file": "chunk-JCH5OV75.js"
    },
    "chunk-W2WIUP6R": {
      "file": "chunk-W2WIUP6R.js"
    },
    "chunk-R4MDFPQV": {
      "file": "chunk-R4MDFPQV.js"
    },
    "chunk-QHQP2P2Z": {
      "file": "chunk-QHQP2P2Z.js"
    }
  }
}