{
  "hash": "35fc6cc3",
  "configHash": "609ecef2",
  "lockfileHash": "70f299cc",
  "browserHash": "6ef45fee",
  "optimized": {
    "@angular/common": {
      "src": "../../../../../../node_modules/@angular/common/fesm2022/common.mjs",
      "file": "@angular_common.js",
      "fileHash": "699459af",
      "needsInterop": false
    },
    "@angular/core": {
      "src": "../../../../../../node_modules/@angular/core/fesm2022/core.mjs",
      "file": "@angular_core.js",
      "fileHash": "e2ad0575",
      "needsInterop": false
    },
    "@angular/forms": {
      "src": "../../../../../../node_modules/@angular/forms/fesm2022/forms.mjs",
      "file": "@angular_forms.js",
      "fileHash": "4af69180",
      "needsInterop": false
    },
    "@angular/platform-browser": {
      "src": "../../../../../../node_modules/@angular/platform-browser/fesm2022/platform-browser.mjs",
      "file": "@angular_platform-browser.js",
      "fileHash": "00f809e2",
      "needsInterop": false
    },
    "@angular/router": {
      "src": "../../../../../../node_modules/@angular/router/fesm2022/router.mjs",
      "file": "@angular_router.js",
      "fileHash": "67d09e09",
      "needsInterop": false
    },
    "@ionic/angular/standalone": {
      "src": "../../../../../../node_modules/@ionic/angular/fesm2022/ionic-angular-standalone.mjs",
      "file": "@ionic_angular_standalone.js",
      "fileHash": "716ee59a",
      "needsInterop": false
    },
    "zone.js": {
      "src": "../../../../../../node_modules/zone.js/fesm2015/zone.js",
      "file": "zone__js.js",
      "fileHash": "a40a0210",
      "needsInterop": true
    },
    "ionicons": {
      "src": "../../../../../../node_modules/ionicons/dist/index.js",
      "file": "ionicons.js",
      "fileHash": "ea148cdd",
      "needsInterop": false
    },
    "ionicons/icons": {
      "src": "../../../../../../node_modules/ionicons/icons/index.mjs",
      "file": "ionicons_icons.js",
      "fileHash": "5379823a",
      "needsInterop": false
    },
    "@ionic/angular": {
      "src": "../../../../../../node_modules/@ionic/angular/fesm2022/ionic-angular.mjs",
      "file": "@ionic_angular.js",
      "fileHash": "e76b7bcb",
      "needsInterop": false
    }
  },
  "chunks": {
    "input-shims-SXSUKIYA": {
      "file": "input-shims-SXSUKIYA.js"
    },
    "focus-visible-XBL42XGV": {
      "file": "focus-visible-XBL42XGV.js"
    },
    "ion-text.entry-FOKFERIJ": {
      "file": "ion-text__entry-FOKFERIJ.js"
    },
    "ion-textarea.entry-H6237ATG": {
      "file": "ion-textarea__entry-H6237ATG.js"
    },
    "ion-toast.entry-ATV3SMTM": {
      "file": "ion-toast__entry-ATV3SMTM.js"
    },
    "ion-toggle.entry-45BHOK3F": {
      "file": "ion-toggle__entry-45BHOK3F.js"
    },
    "swipe-back-FYHOR2D6": {
      "file": "swipe-back-FYHOR2D6.js"
    },
    "keyboard-DJSYFZAF": {
      "file": "keyboard-DJSYFZAF.js"
    },
    "index7-C37DZI6N": {
      "file": "index7-C37DZI6N.js"
    },
    "status-tap-GMHL4MGD": {
      "file": "status-tap-GMHL4MGD.js"
    },
    "ion-segment-view.entry-RZ4N2BAQ": {
      "file": "ion-segment-view__entry-RZ4N2BAQ.js"
    },
    "ion-segment_2.entry-YXLEYU3N": {
      "file": "ion-segment_2__entry-YXLEYU3N.js"
    },
    "ion-select-modal.entry-WA5LVWBU": {
      "file": "ion-select-modal__entry-WA5LVWBU.js"
    },
    "ion-select_3.entry-6OPF3BCP": {
      "file": "ion-select_3__entry-6OPF3BCP.js"
    },
    "ion-spinner.entry-UN2Z2D6R": {
      "file": "ion-spinner__entry-UN2Z2D6R.js"
    },
    "ion-split-pane.entry-MJB2RV7I": {
      "file": "ion-split-pane__entry-MJB2RV7I.js"
    },
    "ion-tab-bar_2.entry-VSNIJNAD": {
      "file": "ion-tab-bar_2__entry-VSNIJNAD.js"
    },
    "ion-tab_2.entry-T36YAQ6Y": {
      "file": "ion-tab_2__entry-T36YAQ6Y.js"
    },
    "ion-radio_2.entry-2VS7A3LZ": {
      "file": "ion-radio_2__entry-2VS7A3LZ.js"
    },
    "chunk-4YTI4ER5": {
      "file": "chunk-4YTI4ER5.js"
    },
    "ion-range.entry-PVDX63MW": {
      "file": "ion-range__entry-PVDX63MW.js"
    },
    "ion-refresher_2.entry-SDXX37PG": {
      "file": "ion-refresher_2__entry-SDXX37PG.js"
    },
    "chunk-EKTWLTWC": {
      "file": "chunk-EKTWLTWC.js"
    },
    "ion-reorder_2.entry-34GHGXTG": {
      "file": "ion-reorder_2__entry-34GHGXTG.js"
    },
    "ion-ripple-effect.entry-JIGO6ZED": {
      "file": "ion-ripple-effect__entry-JIGO6ZED.js"
    },
    "ion-route_4.entry-ABBX2D6G": {
      "file": "ion-route_4__entry-ABBX2D6G.js"
    },
    "ion-searchbar.entry-5JDAMG54": {
      "file": "ion-searchbar__entry-5JDAMG54.js"
    },
    "ion-segment-content.entry-NL5P7I7K": {
      "file": "ion-segment-content__entry-NL5P7I7K.js"
    },
    "ion-menu_3.entry-NRCMKMUS": {
      "file": "ion-menu_3__entry-NRCMKMUS.js"
    },
    "ion-modal.entry-CC6OTDU3": {
      "file": "ion-modal__entry-CC6OTDU3.js"
    },
    "ion-nav_2.entry-NBFTERCN": {
      "file": "ion-nav_2__entry-NBFTERCN.js"
    },
    "ion-picker-column-option.entry-P7SA3FAR": {
      "file": "ion-picker-column-option__entry-P7SA3FAR.js"
    },
    "ion-picker-column.entry-LVQ5EIYQ": {
      "file": "ion-picker-column__entry-LVQ5EIYQ.js"
    },
    "ion-picker.entry-K5EFN32O": {
      "file": "ion-picker__entry-K5EFN32O.js"
    },
    "ion-popover.entry-JWTAFXVR": {
      "file": "ion-popover__entry-JWTAFXVR.js"
    },
    "ion-progress-bar.entry-ZHUNFQO2": {
      "file": "ion-progress-bar__entry-ZHUNFQO2.js"
    },
    "ion-img.entry-6FHVWYUL": {
      "file": "ion-img__entry-6FHVWYUL.js"
    },
    "ion-infinite-scroll_2.entry-KXHXGV4R": {
      "file": "ion-infinite-scroll_2__entry-KXHXGV4R.js"
    },
    "ion-input-otp.entry-A6FEZYIJ": {
      "file": "ion-input-otp__entry-A6FEZYIJ.js"
    },
    "ion-input-password-toggle.entry-3OWKANIM": {
      "file": "ion-input-password-toggle__entry-3OWKANIM.js"
    },
    "ion-input.entry-DJN4DMU7": {
      "file": "ion-input__entry-DJN4DMU7.js"
    },
    "chunk-HKT66LYC": {
      "file": "chunk-HKT66LYC.js"
    },
    "chunk-YJPV4Z5E": {
      "file": "chunk-YJPV4Z5E.js"
    },
    "ion-item-option_3.entry-HFN7DP3L": {
      "file": "ion-item-option_3__entry-HFN7DP3L.js"
    },
    "chunk-BW7P24PA": {
      "file": "chunk-BW7P24PA.js"
    },
    "ion-item_8.entry-JJENDMMB": {
      "file": "ion-item_8__entry-JJENDMMB.js"
    },
    "ion-loading.entry-JBRHR73N": {
      "file": "ion-loading__entry-JBRHR73N.js"
    },
    "ion-button_2.entry-MVZKVKNU": {
      "file": "ion-button_2__entry-MVZKVKNU.js"
    },
    "ion-card_5.entry-EJ4EU474": {
      "file": "ion-card_5__entry-EJ4EU474.js"
    },
    "ion-checkbox.entry-W2PLQZC4": {
      "file": "ion-checkbox__entry-W2PLQZC4.js"
    },
    "ion-chip.entry-EKY3NGHR": {
      "file": "ion-chip__entry-EKY3NGHR.js"
    },
    "ion-col_3.entry-QJ5ALQC6": {
      "file": "ion-col_3__entry-QJ5ALQC6.js"
    },
    "ion-datetime-button.entry-PQNIDLZ6": {
      "file": "ion-datetime-button__entry-PQNIDLZ6.js"
    },
    "ion-datetime_3.entry-VCYFKJCB": {
      "file": "ion-datetime_3__entry-VCYFKJCB.js"
    },
    "chunk-4V2ATV5S": {
      "file": "chunk-4V2ATV5S.js"
    },
    "ion-fab_3.entry-7RWL2HY5": {
      "file": "ion-fab_3__entry-7RWL2HY5.js"
    },
    "keyboard-ywgs5efA-XYMYC7T4": {
      "file": "keyboard-ywgs5efA-XYMYC7T4.js"
    },
    "chunk-QGLHSLIO": {
      "file": "chunk-QGLHSLIO.js"
    },
    "focus-visible-BmVRXR1y-ZTBN6E5W": {
      "file": "focus-visible-BmVRXR1y-ZTBN6E5W.js"
    },
    "chunk-QRN5AHKQ": {
      "file": "chunk-QRN5AHKQ.js"
    },
    "swipe-back-BKw2CAHc-3JUVBZB4": {
      "file": "swipe-back-BKw2CAHc-3JUVBZB4.js"
    },
    "ion-app_8.entry-X5ZXTZ5M": {
      "file": "ion-app_8__entry-X5ZXTZ5M.js"
    },
    "chunk-ACTGXBFA": {
      "file": "chunk-ACTGXBFA.js"
    },
    "chunk-5NKZUR6M": {
      "file": "chunk-5NKZUR6M.js"
    },
    "ion-avatar_3.entry-RGCDUH44": {
      "file": "ion-avatar_3__entry-RGCDUH44.js"
    },
    "ion-back-button.entry-PPCO6TYY": {
      "file": "ion-back-button__entry-PPCO6TYY.js"
    },
    "ion-backdrop.entry-SJ3OEIWQ": {
      "file": "ion-backdrop__entry-SJ3OEIWQ.js"
    },
    "ion-breadcrumb_2.entry-BDYR4M43": {
      "file": "ion-breadcrumb_2__entry-BDYR4M43.js"
    },
    "hardware-back-button-CPLxO-Ev-HPPIKQ64": {
      "file": "hardware-back-button-CPLxO-Ev-HPPIKQ64.js"
    },
    "ion-action-sheet.entry-N3KZK7OU": {
      "file": "ion-action-sheet__entry-N3KZK7OU.js"
    },
    "ion-alert.entry-7GROKD7G": {
      "file": "ion-alert__entry-7GROKD7G.js"
    },
    "chunk-U3ZQAFIO": {
      "file": "chunk-U3ZQAFIO.js"
    },
    "chunk-32GL4UXS": {
      "file": "chunk-32GL4UXS.js"
    },
    "chunk-V3DEFQ3K": {
      "file": "chunk-V3DEFQ3K.js"
    },
    "ios.transition-Bpq9ixwv-2PARKPC4": {
      "file": "ios__transition-Bpq9ixwv-2PARKPC4.js"
    },
    "md.transition-zOA0oanq-N57MR2Y6": {
      "file": "md__transition-zOA0oanq-N57MR2Y6.js"
    },
    "index-ceb5RaMT-UNWA5Y4L": {
      "file": "index-ceb5RaMT-UNWA5Y4L.js"
    },
    "status-tap-5DQ7Fc4V-ARLEIY2N": {
      "file": "status-tap-5DQ7Fc4V-ARLEIY2N.js"
    },
    "input-shims-DyOpfTg6-IJVILJ2Y": {
      "file": "input-shims-DyOpfTg6-IJVILJ2Y.js"
    },
    "chunk-UDOB7BMP": {
      "file": "chunk-UDOB7BMP.js"
    },
    "chunk-KH3VUFSP": {
      "file": "chunk-KH3VUFSP.js"
    },
    "chunk-6SPCGBPA": {
      "file": "chunk-6SPCGBPA.js"
    },
    "ios.transition-JKCBLGMN": {
      "file": "ios__transition-JKCBLGMN.js"
    },
    "md.transition-UQHTRBDW": {
      "file": "md__transition-UQHTRBDW.js"
    },
    "index3-WDJJIG5O": {
      "file": "index3-WDJJIG5O.js"
    },
    "hardware-back-button-ONRIE2X4": {
      "file": "hardware-back-button-ONRIE2X4.js"
    },
    "ion-accordion_2.entry-R5NQSZP3": {
      "file": "ion-accordion_2__entry-R5NQSZP3.js"
    },
    "chunk-IUTD4BIB": {
      "file": "chunk-IUTD4BIB.js"
    },
    "index-CfgBF1SE-YQMITAOU": {
      "file": "index-CfgBF1SE-YQMITAOU.js"
    },
    "chunk-7UIOA75G": {
      "file": "chunk-7UIOA75G.js"
    },
    "chunk-34QX6F67": {
      "file": "chunk-34QX6F67.js"
    },
    "chunk-4S26DV5L": {
      "file": "chunk-4S26DV5L.js"
    },
    "chunk-M4ZEAS3N": {
      "file": "chunk-M4ZEAS3N.js"
    },
    "chunk-VA76YA6C": {
      "file": "chunk-VA76YA6C.js"
    },
    "chunk-YHTFT7Q3": {
      "file": "chunk-YHTFT7Q3.js"
    },
    "chunk-UZSJRY2T": {
      "file": "chunk-UZSJRY2T.js"
    },
    "chunk-PFBXXCNW": {
      "file": "chunk-PFBXXCNW.js"
    },
    "chunk-JV6EBDAZ": {
      "file": "chunk-JV6EBDAZ.js"
    },
    "chunk-VC4UFLGJ": {
      "file": "chunk-VC4UFLGJ.js"
    },
    "chunk-PQGT5VGI": {
      "file": "chunk-PQGT5VGI.js"
    },
    "chunk-LCMILTBF": {
      "file": "chunk-LCMILTBF.js"
    },
    "chunk-B74GBIGR": {
      "file": "chunk-B74GBIGR.js"
    },
    "chunk-XWAEDZFJ": {
      "file": "chunk-XWAEDZFJ.js"
    },
    "chunk-IWQJ4TPT": {
      "file": "chunk-IWQJ4TPT.js"
    },
    "chunk-Z3OEOVFM": {
      "file": "chunk-Z3OEOVFM.js"
    },
    "chunk-QA2SYHF5": {
      "file": "chunk-QA2SYHF5.js"
    },
    "chunk-L6ISKHKK": {
      "file": "chunk-L6ISKHKK.js"
    },
    "chunk-IUXA2G6D": {
      "file": "chunk-IUXA2G6D.js"
    },
    "chunk-G5UZVNUA": {
      "file": "chunk-G5UZVNUA.js"
    },
    "chunk-IKS2SDKY": {
      "file": "chunk-IKS2SDKY.js"
    },
    "chunk-D6MKN2U2": {
      "file": "chunk-D6MKN2U2.js"
    },
    "chunk-4WEDDAWF": {
      "file": "chunk-4WEDDAWF.js"
    },
    "chunk-PCRJZLZ3": {
      "file": "chunk-PCRJZLZ3.js"
    },
    "chunk-VZVMFWP4": {
      "file": "chunk-VZVMFWP4.js"
    },
    "chunk-D7WTMQ7S": {
      "file": "chunk-D7WTMQ7S.js"
    },
    "chunk-PMTKRSGE": {
      "file": "chunk-PMTKRSGE.js"
    },
    "chunk-4554YRK6": {
      "file": "chunk-4554YRK6.js"
    },
    "chunk-6U2AQA2C": {
      "file": "chunk-6U2AQA2C.js"
    },
    "chunk-EODYS5EQ": {
      "file": "chunk-EODYS5EQ.js"
    },
    "chunk-QEE7QVES": {
      "file": "chunk-QEE7QVES.js"
    },
    "chunk-2H3NLAAY": {
      "file": "chunk-2H3NLAAY.js"
    },
    "chunk-PI7RM6D6": {
      "file": "chunk-PI7RM6D6.js"
    },
    "chunk-WP25W4UZ": {
      "file": "chunk-WP25W4UZ.js"
    },
    "chunk-7P77XNS5": {
      "file": "chunk-7P77XNS5.js"
    },
    "chunk-NFU5CDGC": {
      "file": "chunk-NFU5CDGC.js"
    },
    "chunk-R4MDFPQV": {
      "file": "chunk-R4MDFPQV.js"
    },
    "chunk-QHQP2P2Z": {
      "file": "chunk-QHQP2P2Z.js"
    }
  }
}